iso3,scc,oc_capital,valuation
AGO,5.123533800059905e-10,Corals,Market value
AGO,8.935075836626573e-10,Corals,Non-market use value
AGO,8.935075836626573e-10,Corals,Nonuse value
AGO,8.926765661348895e-05,Fisheries,Market value
AGO,8.935075836626573e-10,Fisheries,Non-market use value
AGO,5.123533800059905e-10,Mangroves,Market value
AGO,0.005798945203508283,Mangroves,Non-market use value
AGO,0.005381270878573995,Mangroves,Nonuse value
AGO,0.037839160660068774,Ports,Market value
AGO,0.049108639059371906,Total,Total
ALB,2.6276796910865943e-12,Corals,Market value
ALB,-2.0867583490615383e-11,Corals,Non-market use value
ALB,-2.0867583490615383e-11,Corals,Nonuse value
ALB,3.179613983328327e-05,Fisheries,Market value
ALB,-2.0867583490615383e-11,Fisheries,Non-market use value
ALB,2.6276796910865943e-12,Mangroves,Market value
ALB,-2.0867583490615383e-11,Mangroves,Non-market use value
ALB,-2.0867583490615383e-11,Mangroves,Nonuse value
ALB,0.00017365764388242854,Ports,Market value
ALB,0.00020545375366190548,Total,Total
ARE,-1.8567643440874609e-09,Corals,Market value
ARE,0.15679993510890403,Corals,Non-market use value
ARE,0.06813247443149431,Corals,Nonuse value
ARE,0.0001112303633354487,Fisheries,Market value
ARE,-2.2402153549036786e-09,Fisheries,Non-market use value
ARE,-1.8567643440874609e-09,Mangroves,Market value
ARE,0.005829834251318061,Mangroves,Non-market use value
ARE,0.017785116391670526,Mangroves,Nonuse value
ARE,0.040249798397578175,Ports,Market value
ARE,0.2889084039898899,Total,Total
ARG,-1.6382799859667277e-09,Corals,Market value
ARG,-1.5083895947014306e-09,Corals,Non-market use value
ARG,-1.5083895947014306e-09,Corals,Nonuse value
ARG,0.0002454746768311185,Fisheries,Market value
ARG,0.09560354188250582,Fisheries,Non-market use value
ARG,-1.6382799859667277e-09,Mangroves,Market value
ARG,-1.5083895947014306e-09,Mangroves,Non-market use value
ARG,-1.5083895947014306e-09,Mangroves,Nonuse value
ARG,0.011451014467965434,Ports,Market value
ARG,0.10730003242056707,Total,Total
ARM,9.796290382857246e-12,Corals,Market value
ARM,9.796290382857246e-12,Corals,Non-market use value
ARM,9.796290382857246e-12,Corals,Nonuse value
ARM,9.796290382857246e-12,Fisheries,Market value
ARM,9.796290382857246e-12,Fisheries,Non-market use value
ARM,9.796290382857246e-12,Mangroves,Market value
ARM,9.796290382857246e-12,Mangroves,Non-market use value
ARM,9.796290382857246e-12,Mangroves,Nonuse value
ARM,9.796290382857246e-12,Ports,Market value
ARM,-0.0,Total,Total
AUS,0.017082825139371226,Corals,Market value
AUS,0.9228882757443054,Corals,Non-market use value
AUS,0.950654072592924,Corals,Nonuse value
AUS,0.0029884833570960915,Fisheries,Market value
AUS,0.029685612588439814,Fisheries,Non-market use value
AUS,0.0004223764854876418,Mangroves,Market value
AUS,0.002317846805075059,Mangroves,Non-market use value
AUS,0.006850634260180239,Mangroves,Nonuse value
AUS,0.025680376529210448,Ports,Market value
AUS,1.9585704437709959,Total,Total
AUT,-2.364504362656717e-10,Corals,Market value
AUT,-2.364504362656717e-10,Corals,Non-market use value
AUT,-2.364504362656717e-10,Corals,Nonuse value
AUT,-2.364504362656717e-10,Fisheries,Market value
AUT,-2.364504362656717e-10,Fisheries,Non-market use value
AUT,-2.364504362656717e-10,Mangroves,Market value
AUT,-2.364504362656717e-10,Mangroves,Non-market use value
AUT,-2.364504362656717e-10,Mangroves,Nonuse value
AUT,-2.364504362656717e-10,Ports,Market value
AUT,-0.0,Total,Total
AZE,-3.454025696379911e-11,Corals,Market value
AZE,-3.454025696379911e-11,Corals,Non-market use value
AZE,-3.454025696379911e-11,Corals,Nonuse value
AZE,-3.454025696379911e-11,Fisheries,Market value
AZE,-3.454025696379911e-11,Fisheries,Non-market use value
AZE,-3.454025696379911e-11,Mangroves,Market value
AZE,-3.454025696379911e-11,Mangroves,Non-market use value
AZE,-3.454025696379911e-11,Mangroves,Nonuse value
AZE,-3.454025696379911e-11,Ports,Market value
AZE,-0.0,Total,Total
BEL,1.3443878314137247e-09,Corals,Market value
BEL,1.0114237685656095e-09,Corals,Non-market use value
BEL,1.0114237685656095e-09,Corals,Nonuse value
BEL,4.139009409612173e-06,Fisheries,Market value
BEL,0.07975988141023974,Fisheries,Non-market use value
BEL,1.3443878314137247e-09,Mangroves,Market value
BEL,1.0114237685656095e-09,Mangroves,Non-market use value
BEL,1.0114237685656095e-09,Mangroves,Nonuse value
BEL,0.010754886456529713,Ports,Market value
BEL,0.09051890285231581,Total,Total
BEN,2.9276431069306806e-10,Corals,Market value
BEN,2.991427721518409e-10,Corals,Non-market use value
BEN,2.991427721518409e-10,Corals,Nonuse value
BEN,3.563405968793399e-05,Fisheries,Market value
BEN,0.04111876003063336,Fisheries,Non-market use value
BEN,2.8774763886100346e-05,Mangroves,Market value
BEN,3.7633328857579007e-06,Mangroves,Non-market use value
BEN,0.0011410723388334976,Mangroves,Nonuse value
BEN,0.0013757113037875866,Ports,Market value
BEN,0.04370371428354246,Total,Total
BFA,4.898680946730736e-11,Corals,Market value
BFA,4.898680946730736e-11,Corals,Non-market use value
BFA,4.898680946730736e-11,Corals,Nonuse value
BFA,4.898680946730736e-11,Fisheries,Market value
BFA,4.898680946730736e-11,Fisheries,Non-market use value
BFA,4.898680946730736e-11,Mangroves,Market value
BFA,4.898680946730736e-11,Mangroves,Non-market use value
BFA,4.898680946730736e-11,Mangroves,Nonuse value
BFA,4.898680946730736e-11,Ports,Market value
BFA,-0.0,Total,Total
BGD,2.915735809586837e-06,Corals,Market value
BGD,4.239671652629901e-06,Corals,Non-market use value
BGD,0.0003338666797507138,Corals,Nonuse value
BGD,2.1730185856911157e-05,Fisheries,Market value
BGD,0.29130309567565077,Fisheries,Non-market use value
BGD,0.0015773249213745968,Mangroves,Market value
BGD,0.0008846662116482968,Mangroves,Non-market use value
BGD,0.02041946830145748,Mangroves,Nonuse value
BGD,0.008562266784344592,Ports,Market value
BGD,0.3231095594324078,Total,Total
BGR,-5.280256191789505e-11,Corals,Market value
BGR,-3.1371601882302273e-10,Corals,Non-market use value
BGR,-3.1371601882302273e-10,Corals,Nonuse value
BGR,1.7151274005062223e-05,Fisheries,Market value
BGR,0.01708647300237869,Fisheries,Non-market use value
BGR,-5.280256191789505e-11,Mangroves,Market value
BGR,-3.1371601882302273e-10,Mangroves,Non-market use value
BGR,-3.1371601882302273e-10,Mangroves,Nonuse value
BGR,0.0003570927912794872,Ports,Market value
BGR,0.017460717230483678,Total,Total
BHR,4.5881153208121594e-05,Corals,Market value
BHR,0.034535599242584605,Corals,Non-market use value
BHR,0.03382165782536985,Corals,Nonuse value
BHR,1.2288780071811188e-05,Fisheries,Market value
BHR,1.8753411934752427e-10,Fisheries,Non-market use value
BHR,2.7213643861838273e-10,Mangroves,Market value
BHR,1.8753411934752427e-10,Mangroves,Non-market use value
BHR,1.8753411934752427e-10,Mangroves,Nonuse value
BHR,0.0014050556167830854,Ports,Market value
BHR,0.06982048285509686,Total,Total
BHS,0.0003366519680048619,Corals,Market value
BHS,0.006565758572243915,Corals,Non-market use value
BHS,0.007931846012538601,Corals,Nonuse value
BHS,0.0005465550193843463,Fisheries,Market value
BHS,0.0006083669771909755,Fisheries,Non-market use value
BHS,5.8146278381897224e-06,Mangroves,Market value
BHS,5.127019197361137e-05,Mangroves,Non-market use value
BHS,6.562361042251286e-05,Mangroves,Nonuse value
BHS,0.0012183094615927383,Ports,Market value
BHS,0.017330196870222442,Total,Total
BIH,6.634133248470931e-11,Corals,Market value
BIH,6.634133248470931e-11,Corals,Non-market use value
BIH,6.634133248470931e-11,Corals,Nonuse value
BIH,6.634133248470931e-11,Fisheries,Market value
BIH,6.634133248470931e-11,Fisheries,Non-market use value
BIH,6.634133248470931e-11,Mangroves,Market value
BIH,6.634133248470931e-11,Mangroves,Non-market use value
BIH,6.634133248470931e-11,Mangroves,Nonuse value
BIH,6.634133248470931e-11,Ports,Market value
BIH,-0.0,Total,Total
BLR,1.022658154422296e-10,Corals,Market value
BLR,1.022658154422296e-10,Corals,Non-market use value
BLR,1.022658154422296e-10,Corals,Nonuse value
BLR,1.022658154422296e-10,Fisheries,Market value
BLR,1.022658154422296e-10,Fisheries,Non-market use value
BLR,1.022658154422296e-10,Mangroves,Market value
BLR,1.022658154422296e-10,Mangroves,Non-market use value
BLR,1.022658154422296e-10,Mangroves,Nonuse value
BLR,1.022658154422296e-10,Ports,Market value
BLR,-0.0,Total,Total
BLZ,0.00010776626161491025,Corals,Market value
BLZ,0.000648014362064691,Corals,Non-market use value
BLZ,0.000967852337853445,Corals,Nonuse value
BLZ,3.732976157980539e-05,Fisheries,Market value
BLZ,0.0010242559215707227,Fisheries,Non-market use value
BLZ,2.098123725182259e-05,Mangroves,Market value
BLZ,6.149478921514196e-05,Mangroves,Non-market use value
BLZ,0.0001319241316410841,Mangroves,Nonuse value
BLZ,0.00015437732592444108,Ports,Market value
BLZ,0.003153996005160038,Total,Total
BOL,2.4885295665829995e-10,Corals,Market value
BOL,2.4885295665829995e-10,Corals,Non-market use value
BOL,2.4885295665829995e-10,Corals,Nonuse value
BOL,2.4885295665829995e-10,Fisheries,Market value
BOL,2.4885295665829995e-10,Fisheries,Non-market use value
BOL,2.4885295665829995e-10,Mangroves,Market value
BOL,2.4885295665829995e-10,Mangroves,Non-market use value
BOL,2.4885295665829995e-10,Mangroves,Nonuse value
BOL,2.4885295665829995e-10,Ports,Market value
BOL,-0.0,Total,Total
BRA,0.000157866329446317,Corals,Market value
BRA,0.013881564874228257,Corals,Non-market use value
BRA,0.06260339711708772,Corals,Nonuse value
BRA,0.002649826268139348,Fisheries,Market value
BRA,0.2887253251801934,Fisheries,Non-market use value
BRA,0.0006478399086245777,Mangroves,Market value
BRA,0.011891977252832116,Mangroves,Non-market use value
BRA,0.04141947319191663,Mangroves,Nonuse value
BRA,0.06167119193685248,Ports,Market value
BRA,0.48364844140634866,Total,Total
BRB,1.6097880693554e-05,Corals,Market value
BRB,0.00019725138852176387,Corals,Non-market use value
BRB,0.0018485962924109935,Corals,Nonuse value
BRB,2.0357304967453094e-05,Fisheries,Market value
BRB,0.000974724035493497,Fisheries,Non-market use value
BRB,4.016634016114598e-11,Mangroves,Market value
BRB,3.628837889927117e-11,Mangroves,Non-market use value
BRB,3.628837889927117e-11,Mangroves,Nonuse value
BRB,0.00013072909676688097,Ports,Market value
BRB,0.0031877558360820855,Total,Total
BTN,1.522241359054446e-11,Corals,Market value
BTN,1.522241359054446e-11,Corals,Non-market use value
BTN,1.522241359054446e-11,Corals,Nonuse value
BTN,1.522241359054446e-11,Fisheries,Market value
BTN,1.522241359054446e-11,Fisheries,Non-market use value
BTN,1.522241359054446e-11,Mangroves,Market value
BTN,1.522241359054446e-11,Mangroves,Non-market use value
BTN,1.522241359054446e-11,Mangroves,Nonuse value
BTN,1.522241359054446e-11,Ports,Market value
BTN,-0.0,Total,Total
BWA,-1.28746157782985e-10,Corals,Market value
BWA,-1.28746157782985e-10,Corals,Non-market use value
BWA,-1.28746157782985e-10,Corals,Nonuse value
BWA,-1.28746157782985e-10,Fisheries,Market value
BWA,-1.28746157782985e-10,Fisheries,Non-market use value
BWA,-1.28746157782985e-10,Mangroves,Market value
BWA,-1.28746157782985e-10,Mangroves,Non-market use value
BWA,-1.28746157782985e-10,Mangroves,Nonuse value
BWA,-1.28746157782985e-10,Ports,Market value
BWA,-0.0,Total,Total
CAF,9.394896517914472e-12,Corals,Market value
CAF,9.394896517914472e-12,Corals,Non-market use value
CAF,9.394896517914472e-12,Corals,Nonuse value
CAF,9.394896517914472e-12,Fisheries,Market value
CAF,9.394896517914472e-12,Fisheries,Non-market use value
CAF,9.394896517914472e-12,Mangroves,Market value
CAF,9.394896517914472e-12,Mangroves,Non-market use value
CAF,9.394896517914472e-12,Mangroves,Nonuse value
CAF,9.394896517914472e-12,Ports,Market value
CAF,-0.0,Total,Total
CAN,1.8362904508882836e-09,Corals,Market value
CAN,1.9509333812510807e-09,Corals,Non-market use value
CAN,1.9509333812510807e-09,Corals,Nonuse value
CAN,-0.0023681143209510203,Fisheries,Market value
CAN,0.29662400203937395,Fisheries,Non-market use value
CAN,1.8362904508882836e-09,Mangroves,Market value
CAN,1.9509333812510807e-09,Mangroves,Non-market use value
CAN,1.9509333812510807e-09,Mangroves,Nonuse value
CAN,0.0359892759559924,Ports,Market value
CAN,0.330245161081008,Total,Total
CHE,-1.1432972266497906e-09,Corals,Market value
CHE,-1.1432972266497906e-09,Corals,Non-market use value
CHE,-1.1432972266497906e-09,Corals,Nonuse value
CHE,-1.1432972266497906e-09,Fisheries,Market value
CHE,-1.1432972266497906e-09,Fisheries,Non-market use value
CHE,-1.1432972266497906e-09,Mangroves,Market value
CHE,-1.1432972266497906e-09,Mangroves,Non-market use value
CHE,-1.1432972266497906e-09,Mangroves,Nonuse value
CHE,-1.1432972266497906e-09,Ports,Market value
CHE,-0.0,Total,Total
CHL,4.263930896962193e-10,Corals,Market value
CHL,2.3022360205211843e-10,Corals,Non-market use value
CHL,2.3022360205211843e-10,Corals,Nonuse value
CHL,0.00334017569986335,Fisheries,Market value
CHL,0.0552127654713853,Fisheries,Non-market use value
CHL,4.263930896962193e-10,Mangroves,Market value
CHL,2.3022360205211843e-10,Mangroves,Non-market use value
CHL,2.3022360205211843e-10,Mangroves,Nonuse value
CHL,0.011192295824750571,Ports,Market value
CHL,0.06974523468267767,Total,Total
CHN,9.807822849298743e-05,Corals,Market value
CHN,0.002712647778035602,Corals,Non-market use value
CHN,0.7472902188437825,Corals,Nonuse value
CHN,0.002827467326753002,Fisheries,Market value
CHN,2.5569641770499842,Fisheries,Non-market use value
CHN,7.207194058455521e-05,Mangroves,Market value
CHN,0.0001935922177528583,Mangroves,Non-market use value
CHN,0.07595245175745084,Mangroves,Nonuse value
CHN,0.17296555633359018,Ports,Market value
CHN,3.559076372016035,Total,Total
CIV,3.2134678474960993e-10,Corals,Market value
CIV,3.0908606242503593e-10,Corals,Non-market use value
CIV,3.0908606242503593e-10,Corals,Nonuse value
CIV,0.00020409204909453796,Fisheries,Market value
CIV,3.0908606242503593e-10,Fisheries,Non-market use value
CIV,1.4219949096873813e-05,Mangroves,Market value
CIV,0.001900810897227139,Mangroves,Non-market use value
CIV,0.0014896001818023202,Mangroves,Nonuse value
CIV,0.002918965492189923,Ports,Market value
CIV,0.006527686685075343,Total,Total
CMR,1.5585031689237727e-10,Corals,Market value
CMR,1.0603850138727729e-10,Corals,Non-market use value
CMR,1.0603850138727729e-10,Corals,Nonuse value
CMR,1.8257708601197858e-05,Fisheries,Market value
CMR,0.09854072448276327,Fisheries,Non-market use value
CMR,3.125972317651724e-05,Mangroves,Market value
CMR,5.676994421055482e-07,Mangroves,Non-market use value
CMR,-9.436466531000462e-05,Mangroves,Nonuse value
CMR,0.0016522072602237039,Ports,Market value
CMR,0.10014865045807717,Total,Total
COD,-2.0853139950817654e-10,Corals,Market value
COD,-1.9972887859384447e-10,Corals,Non-market use value
COD,-1.9972887859384447e-10,Corals,Nonuse value
COD,2.8553934458673e-07,Fisheries,Market value
COD,-1.9972887859384447e-10,Fisheries,Non-market use value
COD,-2.0853139950817654e-10,Mangroves,Market value
COD,-1.9972887859384447e-10,Mangroves,Non-market use value
COD,-1.9972887859384447e-10,Mangroves,Nonuse value
COD,-2.0853139950817654e-10,Ports,Market value
COD,2.856407720107906e-07,Total,Total
COG,9.81822398136622e-11,Corals,Market value
COG,8.861532980626808e-11,Corals,Non-market use value
COG,8.861532980626808e-11,Corals,Nonuse value
COG,-1.545505914895531e-05,Fisheries,Market value
COG,0.018127078142031256,Fisheries,Non-market use value
COG,1.1487594925170365e-06,Mangroves,Market value
COG,2.110269469549559e-06,Mangroves,Non-market use value
COG,0.00027192901928583776,Mangroves,Nonuse value
COG,0.0011271060230095774,Ports,Market value
COG,0.019513916577639342,Total,Total
COL,0.0002396706327955696,Corals,Market value
COL,0.010819544477582434,Corals,Non-market use value
COL,0.06283133475278377,Corals,Nonuse value
COL,0.00020265653385870698,Fisheries,Market value
COL,0.16407589386813518,Fisheries,Non-market use value
COL,9.26047385577377e-05,Mangroves,Market value
COL,0.0012183646562663301,Mangroves,Non-market use value
COL,0.004865863657115527,Mangroves,Nonuse value
COL,0.010957760293081409,Ports,Market value
COL,0.25530369348656556,Total,Total
COM,0.00011445893294369302,Corals,Market value
COM,0.000874088497395427,Corals,Non-market use value
COM,0.000860766081511623,Corals,Nonuse value
COM,1.3861520147672534e-06,Fisheries,Market value
COM,-4.700489143699023e-12,Fisheries,Non-market use value
COM,3.0605771969085787e-07,Mangroves,Market value
COM,1.3202789789399792e-06,Mangroves,Non-market use value
COM,-1.3695735777210793e-06,Mangroves,Nonuse value
COM,0.00022759604992363266,Ports,Market value
COM,0.002078552474745281,Total,Total
CPV,1.3807328826776492e-11,Corals,Market value
CPV,1.1503310053760005e-11,Corals,Non-market use value
CPV,1.1503310053760005e-11,Corals,Nonuse value
CPV,9.291640185278457e-05,Fisheries,Market value
CPV,0.0013015227307169802,Fisheries,Non-market use value
CPV,1.3807328826776492e-11,Mangroves,Market value
CPV,1.1503310053760005e-11,Mangroves,Non-market use value
CPV,1.1503310053760005e-11,Mangroves,Nonuse value
CPV,0.00010145749559209053,Ports,Market value
CPV,0.0014958966017404693,Total,Total
CRI,2.1430718905668282e-05,Corals,Market value
CRI,0.0015095970209999929,Corals,Non-market use value
CRI,0.006052382645506019,Corals,Nonuse value
CRI,0.0004540160830432211,Fisheries,Market value
CRI,0.008943083677232613,Fisheries,Non-market use value
CRI,2.4541946796720856e-05,Mangroves,Market value
CRI,0.00023413237027382057,Mangroves,Non-market use value
CRI,0.000848714894142407,Mangroves,Nonuse value
CRI,0.0016049450802990996,Ports,Market value
CRI,0.019692846498654947,Total,Total
CYP,-1.7425026594212773e-10,Corals,Market value
CYP,-1.7137264619320138e-10,Corals,Non-market use value
CYP,-1.7137264619320138e-10,Corals,Nonuse value
CYP,7.353007046899987e-05,Fisheries,Market value
CYP,0.006145928869461988,Fisheries,Non-market use value
CYP,-1.7425026594212773e-10,Mangroves,Market value
CYP,-1.7137264619320138e-10,Mangroves,Non-market use value
CYP,-1.7137264619320138e-10,Mangroves,Nonuse value
CYP,0.00020683226313187043,Ports,Market value
CYP,0.006426291639076567,Total,Total
CZE,3.7745252197044884e-10,Corals,Market value
CZE,3.7745252197044884e-10,Corals,Non-market use value
CZE,3.7745252197044884e-10,Corals,Nonuse value
CZE,3.7745252197044884e-10,Fisheries,Market value
CZE,3.7745252197044884e-10,Fisheries,Non-market use value
CZE,3.7745252197044884e-10,Mangroves,Market value
CZE,3.7745252197044884e-10,Mangroves,Non-market use value
CZE,3.7745252197044884e-10,Mangroves,Nonuse value
CZE,3.7745252197044884e-10,Ports,Market value
CZE,-0.0,Total,Total
DEU,-1.1398197747408742e-08,Corals,Market value
DEU,-1.0807935032736353e-08,Corals,Non-market use value
DEU,-1.0807935032736353e-08,Corals,Nonuse value
DEU,6.0186221331554703e-05,Fisheries,Market value
DEU,0.4569534074397199,Fisheries,Non-market use value
DEU,-1.1398197747408742e-08,Mangroves,Market value
DEU,-1.0807935032736353e-08,Mangroves,Non-market use value
DEU,-1.0807935032736353e-08,Mangroves,Nonuse value
DEU,0.055918705300005034,Ports,Market value
DEU,0.5129323243214471,Total,Total
DJI,0.0001356959490037405,Corals,Market value
DJI,0.0005032944794637421,Corals,Non-market use value
DJI,0.0014929790532487897,Corals,Nonuse value
DJI,8.252153494329702e-06,Fisheries,Market value
DJI,0.0014759273147934011,Fisheries,Non-market use value
DJI,5.9327049614411674e-06,Mangroves,Market value
DJI,1.2445258449230521e-05,Mangroves,Non-market use value
DJI,6.566667903682333e-05,Mangroves,Nonuse value
DJI,0.0006707100025976485,Ports,Market value
DJI,0.0043709037746772345,Total,Total
DNK,-1.0951150037167652e-09,Corals,Market value
DNK,-1.3180775597368275e-09,Corals,Non-market use value
DNK,-1.3180775597368275e-09,Corals,Nonuse value
DNK,6.693440369295959e-05,Fisheries,Market value
DNK,0.048550920386665086,Fisheries,Non-market use value
DNK,-1.0951150037167652e-09,Mangroves,Market value
DNK,-1.3180775597368275e-09,Mangroves,Non-market use value
DNK,-1.3180775597368275e-09,Mangroves,Nonuse value
DNK,0.005892457542484033,Ports,Market value
DNK,0.054510314107672944,Total,Total
DOM,5.631811964250027e-05,Corals,Market value
DOM,0.0016047641838807115,Corals,Non-market use value
DOM,0.016065720429827592,Corals,Nonuse value
DOM,6.122869119948292e-05,Fisheries,Market value
DOM,0.02510412149685965,Fisheries,Non-market use value
DOM,3.351956440473083e-05,Mangroves,Market value
DOM,0.0001770514866869134,Mangroves,Non-market use value
DOM,0.0020788471241327054,Mangroves,Nonuse value
DOM,0.006547202449362415,Ports,Market value
DOM,0.051728773754876965,Total,Total
DZA,1.2800246198326043e-09,Corals,Market value
DZA,6.925707048822572e-10,Corals,Non-market use value
DZA,6.925707048822572e-10,Corals,Nonuse value
DZA,0.00019873185283352698,Fisheries,Market value
DZA,0.23917266048476346,Fisheries,Non-market use value
DZA,1.2800246198326043e-09,Mangroves,Market value
DZA,6.925707048822572e-10,Mangroves,Non-market use value
DZA,6.925707048822572e-10,Mangroves,Nonuse value
DZA,0.015964947045567477,Ports,Market value
DZA,0.25533633640062475,Total,Total
ECU,3.763079020062646e-05,Corals,Market value
ECU,0.0008102279274653219,Corals,Non-market use value
ECU,0.003200217746336673,Corals,Nonuse value
ECU,5.485802919530471e-05,Fisheries,Market value
ECU,0.05627523824415636,Fisheries,Non-market use value
ECU,8.730070577330049e-05,Mangroves,Market value
ECU,0.0002410131704189554,Mangroves,Non-market use value
ECU,0.0013906230256185864,Mangroves,Nonuse value
ECU,0.0035286491332281273,Ports,Market value
ECU,0.06562576837143023,Total,Total
EGY,0.0012710735560895307,Corals,Market value
EGY,0.008315663551298178,Corals,Non-market use value
EGY,0.3175787903636501,Corals,Nonuse value
EGY,0.00011494056319444717,Fisheries,Market value
EGY,0.6541809432589994,Fisheries,Non-market use value
EGY,1.0429612796977356e-06,Mangroves,Market value
EGY,4.6287587469202315e-06,Mangroves,Non-market use value
EGY,0.0010220652236478652,Mangroves,Nonuse value
EGY,0.019251673569985115,Ports,Market value
EGY,1.0017408534740657,Total,Total
ESP,-5.758697540408327e-10,Corals,Market value
ESP,-2.686677800390831e-10,Corals,Non-market use value
ESP,-2.686677800390831e-10,Corals,Nonuse value
ESP,0.0004677937673846376,Fisheries,Market value
ESP,0.2709122174241007,Fisheries,Non-market use value
ESP,-5.758697540408327e-10,Mangroves,Market value
ESP,-2.686677800390831e-10,Mangroves,Non-market use value
ESP,-2.686677800390831e-10,Mangroves,Nonuse value
ESP,0.01453730977084978,Ports,Market value
ESP,0.2859173160339914,Total,Total
EST,2.478554936299882e-10,Corals,Market value
EST,1.8000289085297484e-10,Corals,Non-market use value
EST,1.8000289085297484e-10,Corals,Nonuse value
EST,-2.4673517141890663e-05,Fisheries,Market value
EST,0.005283905848259094,Fisheries,Non-market use value
EST,2.478554936299882e-10,Mangroves,Market value
EST,1.8000289085297484e-10,Mangroves,Non-market use value
EST,1.8000289085297484e-10,Mangroves,Nonuse value
EST,0.0002737719015583795,Ports,Market value
EST,0.0055330037878145505,Total,Total
ETH,-1.8680918923242283e-10,Corals,Market value
ETH,-1.8680918923242283e-10,Corals,Non-market use value
ETH,-1.8680918923242283e-10,Corals,Nonuse value
ETH,-1.8680918923242283e-10,Fisheries,Market value
ETH,-1.8680918923242283e-10,Fisheries,Non-market use value
ETH,-1.8680918923242283e-10,Mangroves,Market value
ETH,-1.8680918923242283e-10,Mangroves,Non-market use value
ETH,-1.8680918923242283e-10,Mangroves,Nonuse value
ETH,-1.8680918923242283e-10,Ports,Market value
ETH,-0.0,Total,Total
FIN,-7.447120119913952e-10,Corals,Market value
FIN,-5.3600571660873005e-11,Corals,Non-market use value
FIN,-5.3600571660873005e-11,Corals,Nonuse value
FIN,-0.00026514130256050355,Fisheries,Market value
FIN,0.04369056066948818,Fisheries,Non-market use value
FIN,-7.447120119913952e-10,Mangroves,Market value
FIN,-5.3600571660873005e-11,Mangroves,Non-market use value
FIN,-5.3600571660873005e-11,Mangroves,Nonuse value
FIN,0.0020601953314988188,Ports,Market value
FIN,0.04548561647987042,Total,Total
FRA,0.0032924090838948204,Corals,Market value
FRA,0.49382922564208026,Corals,Non-market use value
FRA,1.123232314647226,Corals,Nonuse value
FRA,0.0002126404476907411,Fisheries,Market value
FRA,0.32854657717147184,Fisheries,Non-market use value
FRA,8.230620554818582e-09,Mangroves,Market value
FRA,1.0259491546255383e-08,Mangroves,Non-market use value
FRA,1.0259491546255383e-08,Mangroves,Nonuse value
FRA,0.021031192777728264,Ports,Market value
FRA,1.9701443233572788,Total,Total
GAB,7.706322842086654e-11,Corals,Market value
GAB,4.942506149622818e-11,Corals,Non-market use value
GAB,4.942506149622818e-11,Corals,Nonuse value
GAB,-1.0848890297045937e-05,Fisheries,Market value
GAB,0.02129377038381986,Fisheries,Non-market use value
GAB,0.00019030540755311028,Mangroves,Market value
GAB,6.3924968231436e-05,Mangroves,Non-market use value
GAB,5.429143176299678e-05,Mangroves,Nonuse value
GAB,0.003965923803071986,Ports,Market value
GAB,0.02555736635708089,Total,Total
GBR,0.00027963442821108997,Corals,Market value
GBR,0.08343334956406226,Corals,Non-market use value
GBR,0.8726924741727357,Corals,Nonuse value
GBR,-1.6049121612248082e-05,Fisheries,Market value
GBR,0.43079961650809184,Fisheries,Non-market use value
GBR,-2.4698927370349163e-09,Mangroves,Market value
GBR,-1.0239189770638616e-08,Mangroves,Non-market use value
GBR,-1.0239189770638616e-08,Mangroves,Nonuse value
GBR,0.03031325706538896,Ports,Market value
GBR,1.4175023399041602,Total,Total
GEO,1.7740478602008588e-11,Corals,Market value
GEO,2.4952746321937128e-11,Corals,Non-market use value
GEO,2.4952746321937128e-11,Corals,Nonuse value
GEO,3.6527444551374648e-06,Fisheries,Market value
GEO,0.005241249281025198,Fisheries,Non-market use value
GEO,1.7740478602008588e-11,Mangroves,Market value
GEO,2.4952746321937128e-11,Mangroves,Non-market use value
GEO,2.4952746321937128e-11,Mangroves,Nonuse value
GEO,0.00036491473619857653,Ports,Market value
GEO,0.005609816637366582,Total,Total
GHA,6.060516190670256e-10,Corals,Market value
GHA,8.165914881836372e-10,Corals,Non-market use value
GHA,8.165914881836372e-10,Corals,Nonuse value
GHA,0.00021782855289227942,Fisheries,Market value
GHA,0.11261051989071284,Fisheries,Non-market use value
GHA,9.895682850537819e-05,Mangroves,Market value
GHA,7.3515839537419456e-06,Mangroves,Non-market use value
GHA,0.0017518743725013649,Mangroves,Nonuse value
GHA,0.003546380187168101,Ports,Market value
GHA,0.11823290792600794,Total,Total
GMB,-5.895586391864484e-13,Corals,Market value
GMB,-5.1336157362519295e-12,Corals,Non-market use value
GMB,-5.1336157362519295e-12,Corals,Nonuse value
GMB,1.6463808796542233e-05,Fisheries,Market value
GMB,0.0068011581825151235,Fisheries,Non-market use value
GMB,-5.895586391864484e-13,Mangroves,Market value
GMB,-5.1336157362519295e-12,Mangroves,Non-market use value
GMB,-5.1336157362519295e-12,Mangroves,Nonuse value
GMB,0.00010896887998208077,Ports,Market value
GMB,0.006926590795814365,Total,Total
GNB,-1.4938557100669843e-12,Corals,Market value
GNB,-3.0894085324539743e-12,Corals,Non-market use value
GNB,-3.0894085324539743e-12,Corals,Nonuse value
GNB,0.00011478847526538094,Fisheries,Market value
GNB,0.001143194408308112,Fisheries,Non-market use value
GNB,0.0002427172390194536,Mangroves,Market value
GNB,0.00020208071365623647,Mangroves,Non-market use value
GNB,0.00024251412266306337,Mangroves,Nonuse value
GNB,0.00016781894927419115,Ports,Market value
GNB,0.0021131139254306833,Total,Total
GNQ,2.2406665276462146e-12,Corals,Market value
GNQ,2.111234445801349e-11,Corals,Non-market use value
GNQ,2.111234445801349e-11,Corals,Nonuse value
GNQ,1.931955836185747e-05,Fisheries,Market value
GNQ,2.111234445801349e-11,Fisheries,Non-market use value
GNQ,1.0516620617083194e-06,Mangroves,Market value
GNQ,0.0004969071816129899,Mangroves,Non-market use value
GNQ,0.0005326620123049162,Mangroves,Nonuse value
GNQ,0.003926708302562935,Ports,Market value
GNQ,0.004976647849471522,Total,Total
GRC,-1.4823235024859815e-09,Corals,Market value
GRC,-1.4838599279836048e-09,Corals,Non-market use value
GRC,-1.4838599279836048e-09,Corals,Nonuse value
GRC,0.0003512369734667726,Fisheries,Market value
GRC,0.041566777972620275,Fisheries,Non-market use value
GRC,-1.4823235024859815e-09,Mangroves,Market value
GRC,-1.4838599279836048e-09,Mangroves,Non-market use value
GRC,-1.4838599279836048e-09,Mangroves,Nonuse value
GRC,-0.00011854060213509015,Ports,Market value
GRC,0.04179947839287475,Total,Total
GTM,-2.3532186883551796e-10,Corals,Market value
GTM,-2.3520326142872416e-10,Corals,Non-market use value
GTM,-2.3520326142872416e-10,Corals,Nonuse value
GTM,9.826522744900406e-05,Fisheries,Market value
GTM,0.046743224687028656,Fisheries,Non-market use value
GTM,0.00022864674216831904,Mangroves,Market value
GTM,0.00046229603505834843,Mangroves,Non-market use value
GTM,0.0019864111295739163,Mangroves,Nonuse value
GTM,0.0019231052537183428,Ports,Market value
GTM,0.051441949830741476,Total,Total
GUY,-2.549195922631806e-12,Corals,Market value
GUY,-1.8147963637892282e-11,Corals,Non-market use value
GUY,-1.8147963637892282e-11,Corals,Nonuse value
GUY,3.9435470292387334e-05,Fisheries,Market value
GUY,0.0016669056841993014,Fisheries,Non-market use value
GUY,1.5319619560103386e-06,Mangroves,Market value
GUY,3.67915593208054e-06,Mangroves,Non-market use value
GUY,5.8762504282505115e-05,Mangroves,Nonuse value
GUY,0.0023968734136798394,Ports,Market value
GUY,0.0041671880999546666,Total,Total
HKG,-1.0883338040428069e-09,Corals,Market value
HKG,-1.104965745271254e-09,Corals,Non-market use value
HKG,-1.104965745271254e-09,Corals,Nonuse value
HKG,-1.0883338040428069e-09,Fisheries,Market value
HKG,-1.104965745271254e-09,Fisheries,Non-market use value
HKG,-1.0883338040428069e-09,Mangroves,Market value
HKG,-1.104965745271254e-09,Mangroves,Non-market use value
HKG,-1.104965745271254e-09,Mangroves,Nonuse value
HKG,0.05590241471412944,Ports,Market value
HKG,0.05590241060863638,Total,Total
HND,0.00014177094987675662,Corals,Market value
HND,0.0015465078750225229,Corals,Non-market use value
HND,0.00719439274014035,Corals,Nonuse value
HND,7.612595182901221e-05,Fisheries,Market value
HND,0.012795621202482978,Fisheries,Non-market use value
HND,6.956331417617121e-05,Mangroves,Market value
HND,0.0003585980053543867,Mangroves,Non-market use value
HND,0.0009774438183066342,Mangroves,Nonuse value
HND,0.0006898099600293651,Ports,Market value
HND,0.023849836254932318,Total,Total
HRV,4.3533614830303094e-10,Corals,Market value
HRV,4.801125825563901e-10,Corals,Non-market use value
HRV,4.801125825563901e-10,Corals,Nonuse value
HRV,4.787267567630698e-05,Fisheries,Market value
HRV,0.013805097649751746,Fisheries,Non-market use value
HRV,4.3533614830303094e-10,Mangroves,Market value
HRV,4.801125825563901e-10,Mangroves,Non-market use value
HRV,4.801125825563901e-10,Mangroves,Nonuse value
HRV,0.0003610964907601641,Ports,Market value
HRV,0.014214065677809487,Total,Total
HTI,4.457348404474621e-05,Corals,Market value
HTI,3.629545318754089e-05,Corals,Non-market use value
HTI,0.004776518945311021,Corals,Nonuse value
HTI,3.9166886216178645e-05,Fisheries,Market value
HTI,0.025978024684791188,Fisheries,Non-market use value
HTI,1.460087971242306e-05,Mangroves,Market value
HTI,1.0892201402256746e-05,Mangroves,Non-market use value
HTI,0.0003023810294012488,Mangroves,Nonuse value
HTI,9.27546604234329e-05,Ports,Market value
HTI,0.03129520997006945,Total,Total
HUN,-3.3768186257975886e-10,Corals,Market value
HUN,-3.3768186257975886e-10,Corals,Non-market use value
HUN,-3.3768186257975886e-10,Corals,Nonuse value
HUN,-3.3768186257975886e-10,Fisheries,Market value
HUN,-3.3768186257975886e-10,Fisheries,Non-market use value
HUN,-3.3768186257975886e-10,Mangroves,Market value
HUN,-3.3768186257975886e-10,Mangroves,Non-market use value
HUN,-3.3768186257975886e-10,Mangroves,Nonuse value
HUN,-3.3768186257975886e-10,Ports,Market value
HUN,-0.0,Total,Total
IDN,0.005368428286876307,Corals,Market value
IDN,0.015196518181248446,Corals,Non-market use value
IDN,0.05841128218015533,Corals,Nonuse value
IDN,0.004162158182762967,Fisheries,Market value
IDN,1.7221712603313772,Fisheries,Non-market use value
IDN,0.0013823294597847232,Mangroves,Market value
IDN,0.0012028348970360785,Mangroves,Non-market use value
IDN,0.03231234407588835,Mangroves,Nonuse value
IDN,0.03289140663008748,Ports,Market value
IDN,1.8730985818439276,Total,Total
IND,0.00019110425107315396,Corals,Market value
IND,0.0026746934008615914,Corals,Non-market use value
IND,0.00042319244842122536,Corals,Nonuse value
IND,8.078168081357209e-05,Fisheries,Market value
IND,2.4839442292134346,Fisheries,Non-market use value
IND,0.0006510909097128096,Mangroves,Market value
IND,0.005524295894564812,Mangroves,Non-market use value
IND,0.8822496549850729,Mangroves,Nonuse value
IND,0.059779856571475554,Ports,Market value
IND,3.435519181192896,Total,Total
IRL,6.424651546073407e-10,Corals,Market value
IRL,3.003762790968418e-10,Corals,Non-market use value
IRL,3.003762790968418e-10,Corals,Nonuse value
IRL,-0.00020229609382947715,Fisheries,Market value
IRL,0.049039143809057106,Fisheries,Non-market use value
IRL,6.424651546073407e-10,Mangroves,Market value
IRL,3.003762790968418e-10,Mangroves,Non-market use value
IRL,3.003762790968418e-10,Mangroves,Nonuse value
IRL,0.012278545625494337,Ports,Market value
IRL,0.06111539104053097,Total,Total
IRN,5.600700666040542e-05,Corals,Market value
IRN,0.001083232272590767,Corals,Non-market use value
IRN,0.13358795702179596,Corals,Nonuse value
IRN,0.0003733801604863036,Fisheries,Market value
IRN,0.24198825673759844,Fisheries,Non-market use value
IRN,2.9873758102110097e-05,Mangroves,Market value
IRN,0.0002715010997898005,Mangroves,Non-market use value
IRN,0.01784375799839479,Mangroves,Nonuse value
IRN,0.007864927340919241,Ports,Market value
IRN,0.40309892779379497,Total,Total
IRQ,5.464280051769206e-10,Corals,Market value
IRQ,6.094621334140718e-10,Corals,Non-market use value
IRQ,6.094621334140718e-10,Corals,Nonuse value
IRQ,-2.3645025746988574e-06,Fisheries,Market value
IRQ,6.094621334140718e-10,Fisheries,Non-market use value
IRQ,5.464280051769206e-10,Mangroves,Market value
IRQ,6.094621334140718e-10,Mangroves,Non-market use value
IRQ,6.094621334140718e-10,Mangroves,Nonuse value
IRQ,-0.0005594025276735527,Ports,Market value
IRQ,-0.0005617678573471125,Total,Total
ISL,4.56643986063958e-11,Corals,Market value
ISL,5.0724103453649736e-11,Corals,Non-market use value
ISL,5.0724103453649736e-11,Corals,Nonuse value
ISL,-0.00016536199045581455,Fisheries,Market value
ISL,0.0038472133404106796,Fisheries,Non-market use value
ISL,4.56643986063958e-11,Mangroves,Market value
ISL,5.0724103453649736e-11,Mangroves,Non-market use value
ISL,5.0724103453649736e-11,Mangroves,Nonuse value
ISL,0.00034743673749138557,Ports,Market value
ISL,0.004029288013553228,Total,Total
ISR,1.014769689828171e-06,Corals,Market value
ISR,0.000448911792221574,Corals,Non-market use value
ISR,0.05306744142982954,Corals,Nonuse value
ISR,1.1208608286969865e-05,Fisheries,Market value
ISR,0.06166922222293521,Fisheries,Non-market use value
ISR,-3.3400745364649473e-09,Mangroves,Market value
ISR,-2.1909585686227005e-09,Mangroves,Non-market use value
ISR,-2.1909585686227005e-09,Mangroves,Nonuse value
ISR,0.004135249179820193,Ports,Market value
ISR,0.11933305879156055,Total,Total
ITA,-4.734684991960329e-09,Corals,Market value
ITA,-5.418366890548154e-09,Corals,Non-market use value
ITA,-5.418366890548154e-09,Corals,Nonuse value
ITA,0.0006354445299589496,Fisheries,Market value
ITA,0.31900076357682206,Fisheries,Non-market use value
ITA,-4.734684991960329e-09,Mangroves,Market value
ITA,-5.418366890548154e-09,Mangroves,Non-market use value
ITA,-5.418366890548154e-09,Mangroves,Nonuse value
ITA,0.009258789191155152,Ports,Market value
ITA,0.32889501319040965,Total,Total
JAM,4.5964142522667403e-05,Corals,Market value
JAM,0.0003979908189818115,Corals,Non-market use value
JAM,0.005178715486415594,Corals,Nonuse value
JAM,0.0001231672683842343,Fisheries,Market value
JAM,0.004651802393639298,Fisheries,Non-market use value
JAM,4.978703325389455e-06,Mangroves,Market value
JAM,1.7401205245600377e-05,Mangroves,Non-market use value
JAM,0.00015331141209225883,Mangroves,Nonuse value
JAM,0.0005169273165816783,Ports,Market value
JAM,0.011090258886645232,Total,Total
JOR,1.0795238835427877e-06,Corals,Market value
JOR,1.5924971520331335e-05,Corals,Non-market use value
JOR,0.01306850243958869,Corals,Nonuse value
JOR,-7.542262893984013e-11,Fisheries,Market value
JOR,0.05979418642894332,Fisheries,Non-market use value
JOR,-7.542262893984013e-11,Mangroves,Market value
JOR,-9.78541574433961e-11,Mangroves,Non-market use value
JOR,-9.78541574433961e-11,Mangroves,Nonuse value
JOR,0.0004931163140721317,Ports,Market value
JOR,0.07337280941686111,Total,Total
JPN,0.0007628796568699776,Corals,Market value
JPN,0.024271249289898336,Corals,Non-market use value
JPN,0.9831125221708028,Corals,Nonuse value
JPN,0.008656326970195449,Fisheries,Market value
JPN,0.9222062365740936,Fisheries,Non-market use value
JPN,2.4062890226308424e-07,Mangroves,Market value
JPN,1.5729158337874145e-06,Mangroves,Non-market use value
JPN,3.884688284287801e-05,Mangroves,Nonuse value
JPN,0.17917475280583367,Ports,Market value
JPN,2.1182246095887307,Total,Total
KAZ,-1.554572226043185e-09,Corals,Market value
KAZ,-1.554572226043185e-09,Corals,Non-market use value
KAZ,-1.554572226043185e-09,Corals,Nonuse value
KAZ,-1.554572226043185e-09,Fisheries,Market value
KAZ,-1.554572226043185e-09,Fisheries,Non-market use value
KAZ,-1.554572226043185e-09,Mangroves,Market value
KAZ,-1.554572226043185e-09,Mangroves,Non-market use value
KAZ,-1.554572226043185e-09,Mangroves,Nonuse value
KAZ,-1.554572226043185e-09,Ports,Market value
KAZ,-0.0,Total,Total
KEN,0.00011531164616970675,Corals,Market value
KEN,0.008697285092706094,Corals,Non-market use value
KEN,0.018666323774016745,Corals,Nonuse value
KEN,8.942777855604361e-07,Fisheries,Market value
KEN,4.427126238279654e-09,Fisheries,Non-market use value
KEN,4.0901851704534014e-05,Mangroves,Market value
KEN,0.0028039925274374743,Mangroves,Non-market use value
KEN,0.0018283311611731706,Mangroves,Nonuse value
KEN,0.003241080565956192,Ports,Market value
KEN,0.035394117243797506,Total,Total
KGZ,7.487462245657479e-11,Corals,Market value
KGZ,7.487462245657479e-11,Corals,Non-market use value
KGZ,7.487462245657479e-11,Corals,Nonuse value
KGZ,7.487462245657479e-11,Fisheries,Market value
KGZ,7.487462245657479e-11,Fisheries,Non-market use value
KGZ,7.487462245657479e-11,Mangroves,Market value
KGZ,7.487462245657479e-11,Mangroves,Non-market use value
KGZ,7.487462245657479e-11,Mangroves,Nonuse value
KGZ,7.487462245657479e-11,Ports,Market value
KGZ,-0.0,Total,Total
KHM,7.220901943125796e-06,Corals,Market value
KHM,1.5791846474947473e-05,Corals,Non-market use value
KHM,0.0011845409082935,Corals,Nonuse value
KHM,4.2351905242009385e-05,Fisheries,Market value
KHM,0.033461229475094764,Fisheries,Non-market use value
KHM,3.606778490027663e-05,Mangroves,Market value
KHM,6.872407950573641e-05,Mangroves,Non-market use value
KHM,0.0015212478429494337,Mangroves,Nonuse value
KHM,0.0007200568926325983,Ports,Market value
KHM,0.03705723728429292,Total,Total
KOR,4.802602062322873e-09,Corals,Market value
KOR,3.6957610763783207e-09,Corals,Non-market use value
KOR,3.6957610763783207e-09,Corals,Nonuse value
KOR,0.002339327757574752,Fisheries,Market value
KOR,0.3061061413167178,Fisheries,Non-market use value
KOR,4.802602062322873e-09,Mangroves,Market value
KOR,3.6957610763783207e-09,Mangroves,Non-market use value
KOR,3.6957610763783207e-09,Mangroves,Nonuse value
KOR,0.08374629239897183,Ports,Market value
KOR,0.39219175037393317,Total,Total
KWT,3.6676504525464164e-05,Corals,Market value
KWT,0.007322421262704556,Corals,Non-market use value
KWT,0.05263155701778251,Corals,Nonuse value
KWT,-4.698337627434962e-05,Fisheries,Market value
KWT,0.02805811074236374,Fisheries,Non-market use value
KWT,-1.6058682437635332e-09,Mangroves,Market value
KWT,-1.817141312439763e-09,Mangroves,Non-market use value
KWT,-1.817141312439763e-09,Mangroves,Nonuse value
KWT,0.001761549176348368,Ports,Market value
KWT,0.08976333998445266,Total,Total
LBN,1.1196671692886261e-10,Corals,Market value
LBN,3.0111059826762787e-11,Corals,Non-market use value
LBN,3.0111059826762787e-11,Corals,Nonuse value
LBN,1.3822806134346985e-05,Fisheries,Market value
LBN,0.019165937698569228,Fisheries,Non-market use value
LBN,1.1196671692886261e-10,Mangroves,Market value
LBN,3.0111059826762787e-11,Mangroves,Non-market use value
LBN,3.0111059826762787e-11,Mangroves,Nonuse value
LBN,0.00040575225193443913,Ports,Market value
LBN,0.01958551212908121,Total,Total
LKA,0.00010159236570918018,Corals,Market value
LKA,0.00012045233175809782,Corals,Non-market use value
LKA,0.026405515671577603,Corals,Nonuse value
LKA,6.093293981990844e-05,Fisheries,Market value
LKA,0.14717362186773258,Fisheries,Non-market use value
LKA,4.764402860589354e-05,Mangroves,Market value
LKA,1.9351555358310457e-05,Mangroves,Non-market use value
LKA,0.001763621474500173,Mangroves,Nonuse value
LKA,0.005218909255750341,Ports,Market value
LKA,0.18091164275213423,Total,Total
LSO,4.134467610129084e-12,Corals,Market value
LSO,4.134467610129084e-12,Corals,Non-market use value
LSO,4.134467610129084e-12,Corals,Nonuse value
LSO,4.134467610129084e-12,Fisheries,Market value
LSO,4.134467610129084e-12,Fisheries,Non-market use value
LSO,4.134467610129084e-12,Mangroves,Market value
LSO,4.134467610129084e-12,Mangroves,Non-market use value
LSO,4.134467610129084e-12,Mangroves,Nonuse value
LSO,4.134467610129084e-12,Ports,Market value
LSO,-0.0,Total,Total
LTU,8.691124505431763e-11,Corals,Market value
LTU,2.1414687169696632e-10,Corals,Non-market use value
LTU,2.1414687169696632e-10,Corals,Nonuse value
LTU,2.0604715084984437e-06,Fisheries,Market value
LTU,0.014937554931041758,Fisheries,Non-market use value
LTU,8.691124505431763e-11,Mangroves,Market value
LTU,2.1414687169696632e-10,Mangroves,Non-market use value
LTU,2.1414687169696632e-10,Mangroves,Nonuse value
LTU,0.0009281155239737997,Ports,Market value
LTU,0.015867730663280743,Total,Total
LUX,-2.720167148270308e-10,Corals,Market value
LUX,-2.720167148270308e-10,Corals,Non-market use value
LUX,-2.720167148270308e-10,Corals,Nonuse value
LUX,-2.720167148270308e-10,Fisheries,Market value
LUX,-2.720167148270308e-10,Fisheries,Non-market use value
LUX,-2.720167148270308e-10,Mangroves,Market value
LUX,-2.720167148270308e-10,Mangroves,Non-market use value
LUX,-2.720167148270308e-10,Mangroves,Nonuse value
LUX,-2.720167148270308e-10,Ports,Market value
LUX,-0.0,Total,Total
LVA,1.027669010035406e-10,Corals,Market value
LVA,8.459771792361575e-11,Corals,Non-market use value
LVA,8.459771792361575e-11,Corals,Nonuse value
LVA,2.918859928920989e-06,Fisheries,Market value
LVA,0.0071294095590482935,Fisheries,Non-market use value
LVA,1.027669010035406e-10,Mangroves,Market value
LVA,8.459771792361575e-11,Mangroves,Non-market use value
LVA,8.459771792361575e-11,Mangroves,Nonuse value
LVA,0.00012884213974254915,Ports,Market value
LVA,0.0072611702918751264,Total,Total
MAR,6.390112756123704e-11,Corals,Market value
MAR,-3.032207739590224e-10,Corals,Non-market use value
MAR,-3.032207739590224e-10,Corals,Nonuse value
MAR,0.00013643580517789557,Fisheries,Market value
MAR,0.15377477051716412,Fisheries,Non-market use value
MAR,6.390112756123704e-11,Mangroves,Market value
MAR,-3.032207739590224e-10,Mangroves,Non-market use value
MAR,-3.032207739590224e-10,Mangroves,Nonuse value
MAR,0.006258320854967207,Ports,Market value
MAR,0.16016952851446536,Total,Total
MDA,-1.822498856599231e-11,Corals,Market value
MDA,-1.822498856599231e-11,Corals,Non-market use value
MDA,-1.822498856599231e-11,Corals,Nonuse value
MDA,-1.822498856599231e-11,Fisheries,Market value
MDA,-1.822498856599231e-11,Fisheries,Non-market use value
MDA,-1.822498856599231e-11,Mangroves,Market value
MDA,-1.822498856599231e-11,Mangroves,Non-market use value
MDA,-1.822498856599231e-11,Mangroves,Nonuse value
MDA,-1.822498856599231e-11,Ports,Market value
MDA,-0.0,Total,Total
MDG,0.0007394755039065385,Corals,Market value
MDG,0.00020869994199371625,Corals,Non-market use value
MDG,0.007607733174689723,Corals,Nonuse value
MDG,1.709157101119575e-05,Fisheries,Market value
MDG,0.03697590550064422,Fisheries,Non-market use value
MDG,0.0002058105361473066,Mangroves,Market value
MDG,0.00020336855991984432,Mangroves,Non-market use value
MDG,0.0012056978267271866,Mangroves,Nonuse value
MDG,0.001672804967118934,Ports,Market value
MDG,0.04883658692752546,Total,Total
MDV,0.0022769993941414855,Corals,Market value
MDV,0.0023673932301151238,Corals,Non-market use value
MDV,0.005549250706202407,Corals,Nonuse value
MDV,0.00032310070041083994,Fisheries,Market value
MDV,0.003014714509792852,Fisheries,Non-market use value
MDV,3.224413942082622e-11,Mangroves,Market value
MDV,1.4280288214989592e-11,Mangroves,Non-market use value
MDV,1.4280288214989592e-11,Mangroves,Nonuse value
MDV,0.0003053001812157424,Ports,Market value
MDV,0.013836759044380123,Total,Total
MEX,0.000205055609700148,Corals,Market value
MEX,0.0077030622028311565,Corals,Non-market use value
MEX,0.02182678974280638,Corals,Nonuse value
MEX,0.0024654125464724764,Fisheries,Market value
MEX,0.3458508627432166,Fisheries,Non-market use value
MEX,0.007714396805215504,Mangroves,Market value
MEX,0.006393144504032566,Mangroves,Non-market use value
MEX,0.08001783623148494,Mangroves,Nonuse value
MEX,0.050008907143188036,Ports,Market value
MEX,0.5221854823048461,Total,Total
MKD,1.0664190506924615e-12,Corals,Market value
MKD,1.0664190506924615e-12,Corals,Non-market use value
MKD,1.0664190506924615e-12,Corals,Nonuse value
MKD,1.0664190506924615e-12,Fisheries,Market value
MKD,1.0664190506924615e-12,Fisheries,Non-market use value
MKD,1.0664190506924615e-12,Mangroves,Market value
MKD,1.0664190506924615e-12,Mangroves,Non-market use value
MKD,1.0664190506924615e-12,Mangroves,Nonuse value
MKD,1.0664190506924615e-12,Ports,Market value
MKD,-0.0,Total,Total
MLI,9.957930600742871e-11,Corals,Market value
MLI,9.957930600742871e-11,Corals,Non-market use value
MLI,9.957930600742871e-11,Corals,Nonuse value
MLI,9.957930600742871e-11,Fisheries,Market value
MLI,9.957930600742871e-11,Fisheries,Non-market use value
MLI,9.957930600742871e-11,Mangroves,Market value
MLI,9.957930600742871e-11,Mangroves,Non-market use value
MLI,9.957930600742871e-11,Mangroves,Nonuse value
MLI,9.957930600742871e-11,Ports,Market value
MLI,-0.0,Total,Total
MLT,1.668669961522219e-11,Corals,Market value
MLT,6.662397819995783e-12,Corals,Non-market use value
MLT,6.662397819995783e-12,Corals,Nonuse value
MLT,0.0001515141801857757,Fisheries,Market value
MLT,0.002926004535755959,Fisheries,Non-market use value
MLT,1.668669961522219e-11,Mangroves,Market value
MLT,6.662397819995783e-12,Mangroves,Non-market use value
MLT,6.662397819995783e-12,Mangroves,Nonuse value
MLT,0.0015237165910152737,Ports,Market value
MLT,0.004601235143790217,Total,Total
MMR,8.034400273305994e-10,Corals,Market value
MMR,0.0063373824769597815,Corals,Non-market use value
MMR,0.026209352542868446,Corals,Nonuse value
MMR,0.0003490279072331922,Fisheries,Market value
MMR,6.777902997968019e-10,Fisheries,Non-market use value
MMR,4.851138153732701e-06,Mangroves,Market value
MMR,0.006642281535538623,Mangroves,Non-market use value
MMR,0.0032734654628070272,Mangroves,Nonuse value
MMR,0.008198089435059173,Ports,Market value
MMR,0.0510144454182741,Total,Total
MNE,8.915503916441245e-12,Corals,Market value
MNE,8.79412567790981e-12,Corals,Non-market use value
MNE,8.79412567790981e-12,Corals,Nonuse value
MNE,1.968606458233084e-05,Fisheries,Market value
MNE,8.79412567790981e-12,Fisheries,Non-market use value
MNE,8.915503916441245e-12,Mangroves,Market value
MNE,8.79412567790981e-12,Mangroves,Non-market use value
MNE,8.79412567790981e-12,Mangroves,Nonuse value
MNE,8.399426240644794e-05,Ports,Market value
MNE,0.00010368032775563718,Total,Total
MNG,1.2627956510550058e-10,Corals,Market value
MNG,1.2627956510550058e-10,Corals,Non-market use value
MNG,1.2627956510550058e-10,Corals,Nonuse value
MNG,1.2627956510550058e-10,Fisheries,Market value
MNG,1.2627956510550058e-10,Fisheries,Non-market use value
MNG,1.2627956510550058e-10,Mangroves,Market value
MNG,1.2627956510550058e-10,Mangroves,Non-market use value
MNG,1.2627956510550058e-10,Mangroves,Nonuse value
MNG,1.2627956510550058e-10,Ports,Market value
MNG,-0.0,Total,Total
MOZ,0.0003396737855609119,Corals,Market value
MOZ,5.6007795027277065e-05,Corals,Non-market use value
MOZ,0.004417558821037739,Corals,Nonuse value
MOZ,2.758649906499132e-06,Fisheries,Market value
MOZ,0.03890035829084521,Fisheries,Non-market use value
MOZ,0.00021831371930309374,Mangroves,Market value
MOZ,7.468577478034145e-05,Mangroves,Non-market use value
MOZ,0.001565132796235089,Mangroves,Nonuse value
MOZ,0.0015992212458597734,Ports,Market value
MOZ,0.047173709424158335,Total,Total
MRT,6.727930953098269e-11,Corals,Market value
MRT,8.409172676453404e-11,Corals,Non-market use value
MRT,8.409172676453404e-11,Corals,Nonuse value
MRT,0.00012591066120419786,Fisheries,Market value
MRT,0.013949771241827214,Fisheries,Non-market use value
MRT,1.5638503061806594e-09,Mangroves,Market value
MRT,4.296376180525128e-08,Mangroves,Non-market use value
MRT,0.00012655421694058553,Mangroves,Nonuse value
MRT,0.0011651958154351451,Ports,Market value
MRT,0.01536747614955662,Total,Total
MUS,0.0016839012395345552,Corals,Market value
MUS,0.009661228601478947,Corals,Non-market use value
MUS,0.01549787629298566,Corals,Nonuse value
MUS,-2.4070475864882575e-05,Fisheries,Market value
MUS,0.005402048831531791,Fisheries,Non-market use value
MUS,1.0433521523998105e-06,Mangroves,Market value
MUS,1.916725979102282e-06,Mangroves,Non-market use value
MUS,7.726821646597565e-06,Mangroves,Nonuse value
MUS,0.00826974131887384,Ports,Market value
MUS,0.04050141413278084,Total,Total
MYS,0.0009477134508182462,Corals,Market value
MYS,0.00825362012520479,Corals,Non-market use value
MYS,0.08243908431347768,Corals,Nonuse value
MYS,0.0009179245482069228,Fisheries,Market value
MYS,0.21317001840991082,Fisheries,Non-market use value
MYS,0.0022937963227880878,Mangroves,Market value
MYS,0.000878950833493257,Mangroves,Non-market use value
MYS,0.01584922025494515,Mangroves,Nonuse value
MYS,0.05362566476989642,Ports,Market value
MYS,0.37837601961780887,Total,Total
NAM,3.410531413197668e-11,Corals,Market value
NAM,7.764236173920567e-11,Corals,Non-market use value
NAM,7.764236173920567e-11,Corals,Nonuse value
NAM,0.0001990630961750433,Fisheries,Market value
NAM,0.017612369769954575,Fisheries,Non-market use value
NAM,3.410531413197668e-11,Mangroves,Market value
NAM,7.764236173920567e-11,Mangroves,Non-market use value
NAM,7.764236173920567e-11,Mangroves,Nonuse value
NAM,3.410531413197668e-11,Ports,Market value
NAM,0.01781143288806194,Total,Total
NER,3.938144538266388e-11,Corals,Market value
NER,3.938144538266388e-11,Corals,Non-market use value
NER,3.938144538266388e-11,Corals,Nonuse value
NER,3.938144538266388e-11,Fisheries,Market value
NER,3.938144538266388e-11,Fisheries,Non-market use value
NER,3.938144538266388e-11,Mangroves,Market value
NER,3.938144538266388e-11,Mangroves,Non-market use value
NER,3.938144538266388e-11,Mangroves,Nonuse value
NER,3.938144538266388e-11,Ports,Market value
NER,-0.0,Total,Total
NGA,-9.63806529018095e-10,Corals,Market value
NGA,-9.720971093766852e-10,Corals,Non-market use value
NGA,-9.720971093766852e-10,Corals,Nonuse value
NGA,6.465961758182976e-05,Fisheries,Market value
NGA,1.582613623177279,Fisheries,Non-market use value
NGA,0.014239972891483918,Mangroves,Market value
NGA,0.0008941600317047202,Mangroves,Non-market use value
NGA,0.018201260774166034,Mangroves,Nonuse value
NGA,0.020548200044836498,Ports,Market value
NGA,1.6365618895573373,Total,Total
NIC,0.0001607490733499787,Corals,Market value
NIC,0.00044719720871006505,Corals,Non-market use value
NIC,0.004430321851987507,Corals,Nonuse value
NIC,0.00014196750754666198,Fisheries,Market value
NIC,0.011910878210111466,Fisheries,Non-market use value
NIC,2.3106880680895233e-05,Mangroves,Market value
NIC,0.00012698070472854034,Mangroves,Non-market use value
NIC,0.0004253980835785269,Mangroves,Nonuse value
NIC,0.0009221787634239516,Ports,Market value
NIC,0.018588778346081202,Total,Total
NLD,0.00010040579609063609,Corals,Market value
NLD,0.03098407771822518,Corals,Non-market use value
NLD,0.2449703247222112,Corals,Nonuse value
NLD,2.7435016159875698e-05,Fisheries,Market value
NLD,0.12417078511261637,Fisheries,Non-market use value
NLD,2.005405699009903e-09,Mangroves,Market value
NLD,2.1709659517120665e-09,Mangroves,Non-market use value
NLD,2.1709659517120665e-09,Mangroves,Nonuse value
NLD,0.011249141428279291,Ports,Market value
NLD,0.4115021670365825,Total,Total
NOR,-8.915492375001139e-10,Corals,Market value
NOR,-7.047955226311976e-10,Corals,Non-market use value
NOR,-7.047955226311976e-10,Corals,Nonuse value
NOR,-0.0002859483939765736,Fisheries,Market value
NOR,0.04940470270052269,Fisheries,Non-market use value
NOR,-8.915492375001139e-10,Mangroves,Market value
NOR,-7.047955226311976e-10,Mangroves,Non-market use value
NOR,-7.047955226311976e-10,Mangroves,Nonuse value
NOR,0.004488879649702406,Ports,Market value
NOR,0.05360763484737938,Total,Total
NPL,1.4542859890735407e-10,Corals,Market value
NPL,1.4542859890735407e-10,Corals,Non-market use value
NPL,1.4542859890735407e-10,Corals,Nonuse value
NPL,1.4542859890735407e-10,Fisheries,Market value
NPL,1.4542859890735407e-10,Fisheries,Non-market use value
NPL,1.4542859890735407e-10,Mangroves,Market value
NPL,1.4542859890735407e-10,Mangroves,Non-market use value
NPL,1.4542859890735407e-10,Mangroves,Nonuse value
NPL,1.4542859890735407e-10,Ports,Market value
NPL,-0.0,Total,Total
NZL,0.0001400571732585314,Corals,Market value
NZL,0.019579899097745823,Corals,Non-market use value
NZL,0.05183182904150396,Corals,Nonuse value
NZL,0.0004004221102405759,Fisheries,Market value
NZL,0.0263043030769772,Fisheries,Non-market use value
NZL,5.68576146719315e-06,Mangroves,Market value
NZL,-0.00013473669781601368,Mangroves,Non-market use value
NZL,0.00090602132211012,Mangroves,Nonuse value
NZL,0.013180031191670593,Ports,Market value
NZL,0.1122135133010586,Total,Total
OMN,0.0005026297655474318,Corals,Market value
OMN,0.028888954464371692,Corals,Non-market use value
OMN,0.08348891974262754,Corals,Nonuse value
OMN,0.00046863116880697405,Fisheries,Market value
OMN,0.029578970854564096,Fisheries,Non-market use value
OMN,5.541953242489149e-06,Mangroves,Market value
OMN,9.81011840717457e-05,Mangroves,Non-market use value
OMN,0.0021084530610253303,Mangroves,Nonuse value
OMN,0.03194220897162302,Ports,Market value
OMN,0.17708240271132603,Total,Total
PAK,1.1017231655366775e-10,Corals,Market value
PAK,-7.929355069177263e-10,Corals,Non-market use value
PAK,-7.929355069177263e-10,Corals,Nonuse value
PAK,4.728393430987614e-05,Fisheries,Market value
PAK,0.41473293652764687,Fisheries,Non-market use value
PAK,0.0014532295855592668,Mangroves,Market value
PAK,0.008255025137008985,Mangroves,Non-market use value
PAK,0.07097767270536443,Mangroves,Nonuse value
PAK,0.012842785460672692,Ports,Market value
PAK,0.5083089212683882,Total,Total
PAN,0.00029415556617225274,Corals,Market value
PAN,0.00757796292434679,Corals,Non-market use value
PAN,0.020687857082523516,Corals,Nonuse value
PAN,0.0003379028651053936,Fisheries,Market value
PAN,0.011047930125246738,Fisheries,Non-market use value
PAN,7.79853762008996e-05,Mangroves,Market value
PAN,0.0002687899725243279,Mangroves,Non-market use value
PAN,0.001120301713040191,Mangroves,Nonuse value
PAN,0.005421738890582039,Ports,Market value
PAN,0.046834624011873015,Total,Total
PER,2.792880352285662e-10,Corals,Market value
PER,-2.5803106675480626e-10,Corals,Non-market use value
PER,-2.5803106675480626e-10,Corals,Nonuse value
PER,0.00781889596984114,Fisheries,Market value
PER,0.09591282419565068,Fisheries,Non-market use value
PER,3.853755021589118e-07,Mangroves,Market value
PER,1.0259740218613593e-06,Mangroves,Non-market use value
PER,0.002058940612061614,Mangroves,Nonuse value
PER,0.006057724166822703,Ports,Market value
PER,0.11184979586713915,Total,Total
PHL,0.005347764416923155,Corals,Market value
PHL,0.009216906725059008,Corals,Non-market use value
PHL,0.23696520449308595,Corals,Nonuse value
PHL,0.0009545831861459501,Fisheries,Market value
PHL,0.556419986548107,Fisheries,Non-market use value
PHL,0.0002963733244977136,Mangroves,Market value
PHL,0.00020203343731219677,Mangroves,Non-market use value
PHL,0.00500777511943286,Mangroves,Nonuse value
PHL,0.04619787661067051,Ports,Market value
PHL,0.8606085496890484,Total,Total
POL,1.2014466417536417e-09,Corals,Market value
POL,2.137541698293264e-09,Corals,Non-market use value
POL,2.137541698293264e-09,Corals,Nonuse value
POL,5.453454722836201e-05,Fisheries,Market value
POL,0.17350280920896044,Fisheries,Non-market use value
POL,1.2014466417536417e-09,Mangroves,Market value
POL,2.137541698293264e-09,Mangroves,Non-market use value
POL,2.137541698293264e-09,Mangroves,Nonuse value
POL,0.004925706234847867,Ports,Market value
POL,0.17848304859994016,Total,Total
PRT,4.0695582973083547e-10,Corals,Market value
PRT,3.724393642921223e-10,Corals,Non-market use value
PRT,3.724393642921223e-10,Corals,Nonuse value
PRT,6.423700624818631e-05,Fisheries,Market value
PRT,0.05256637512193613,Fisheries,Non-market use value
PRT,4.0695582973083547e-10,Mangroves,Market value
PRT,3.724393642921223e-10,Mangroves,Non-market use value
PRT,3.724393642921223e-10,Mangroves,Nonuse value
PRT,0.0030343026274588327,Ports,Market value
PRT,0.05566491429775591,Total,Total
PRY,3.775613564518433e-10,Corals,Market value
PRY,3.775613564518433e-10,Corals,Non-market use value
PRY,3.775613564518433e-10,Corals,Nonuse value
PRY,3.775613564518433e-10,Fisheries,Market value
PRY,3.775613564518433e-10,Fisheries,Non-market use value
PRY,3.775613564518433e-10,Mangroves,Market value
PRY,3.775613564518433e-10,Mangroves,Non-market use value
PRY,3.775613564518433e-10,Mangroves,Nonuse value
PRY,3.775613564518433e-10,Ports,Market value
PRY,-0.0,Total,Total
QAT,1.2230908230044084e-09,Corals,Market value
QAT,0.1174299511843944,Corals,Non-market use value
QAT,0.09130501197440569,Corals,Nonuse value
QAT,0.00012872969057958202,Fisheries,Market value
QAT,9.338415725062635e-10,Fisheries,Non-market use value
QAT,1.2230908230044084e-09,Mangroves,Market value
QAT,0.0008689801800606984,Mangroves,Non-market use value
QAT,0.004765712122476719,Mangroves,Nonuse value
QAT,0.003855452122011825,Ports,Market value
QAT,0.218353833883022,Total,Total
ROU,4.945932511435775e-10,Corals,Market value
ROU,4.945932511435775e-10,Corals,Non-market use value
ROU,4.945932511435775e-10,Corals,Nonuse value
ROU,1.9124906092014484e-05,Fisheries,Market value
ROU,0.03936886423409587,Fisheries,Non-market use value
ROU,4.945932511435775e-10,Mangroves,Market value
ROU,4.945932511435775e-10,Mangroves,Non-market use value
ROU,4.945932511435775e-10,Mangroves,Nonuse value
ROU,4.945932511435775e-10,Ports,Market value
ROU,0.039387988479914815,Total,Total
ROW,0.016375248195897023,Corals,Market value
ROW,0.0014020189088306727,Corals,Non-market use value
ROW,0.001670544232694681,Corals,Nonuse value
ROW,0.002863172202497295,Fisheries,Market value
ROW,0.003974355061375723,Fisheries,Non-market use value
ROW,0.006131676246881037,Mangroves,Market value
ROW,4.697443469372826,Mangroves,Non-market use value
ROW,4.468963492858291,Mangroves,Nonuse value
ROW,0.03272534927977302,Ports,Market value
ROW,9.231549299896109,Total,Total
RUS,2.5589201279187785e-09,Corals,Market value
RUS,2.575815110004993e-09,Corals,Non-market use value
RUS,2.575815110004993e-09,Corals,Nonuse value
RUS,-0.0027121885392758466,Fisheries,Market value
RUS,0.4713245051248359,Fisheries,Non-market use value
RUS,2.5589201279187785e-09,Mangroves,Market value
RUS,2.575815110004993e-09,Mangroves,Non-market use value
RUS,2.575815110004993e-09,Mangroves,Nonuse value
RUS,0.012459823464600752,Ports,Market value
RUS,0.48107214142415305,Total,Total
RWA,3.3469688334766976e-11,Corals,Market value
RWA,3.3469688334766976e-11,Corals,Non-market use value
RWA,3.3469688334766976e-11,Corals,Nonuse value
RWA,3.3469688334766976e-11,Fisheries,Market value
RWA,3.3469688334766976e-11,Fisheries,Non-market use value
RWA,3.3469688334766976e-11,Mangroves,Market value
RWA,3.3469688334766976e-11,Mangroves,Non-market use value
RWA,3.3469688334766976e-11,Mangroves,Nonuse value
RWA,3.3469688334766976e-11,Ports,Market value
RWA,-0.0,Total,Total
SAU,0.004027991246814727,Corals,Market value
SAU,0.40083725947473553,Corals,Non-market use value
SAU,0.8803742501721509,Corals,Nonuse value
SAU,0.000768641226293614,Fisheries,Market value
SAU,0.20797777053265026,Fisheries,Non-market use value
SAU,9.14067044854863e-05,Mangroves,Market value
SAU,0.0008684096526516797,Mangroves,Non-market use value
SAU,0.007555083933764448,Mangroves,Nonuse value
SAU,0.057809894542524894,Ports,Market value
SAU,1.5603106938556959,Total,Total
SDN,0.0007020963450443327,Corals,Market value
SDN,0.042980376787342074,Corals,Non-market use value
SDN,0.09172153208799128,Corals,Nonuse value
SDN,9.680517468348893e-05,Fisheries,Market value
SDN,0.05890186954275857,Fisheries,Non-market use value
SDN,2.3671125136563884e-06,Mangroves,Market value
SDN,0.0001500904891413891,Mangroves,Non-market use value
SDN,1.4382318076033572e-05,Mangroves,Nonuse value
SDN,0.0003504193879713592,Ports,Market value
SDN,0.1949199364792151,Total,Total
SEN,3.660412426590864e-10,Corals,Market value
SEN,3.44589688477784e-10,Corals,Non-market use value
SEN,3.44589688477784e-10,Corals,Nonuse value
SEN,0.00016582165029383614,Fisheries,Market value
SEN,0.06019497530726983,Fisheries,Non-market use value
SEN,0.003779560783833995,Mangroves,Market value
SEN,0.00012097536287291405,Mangroves,Non-market use value
SEN,0.002707655535185152,Mangroves,Nonuse value
SEN,0.003014074021016158,Ports,Market value
SEN,0.06998306084833245,Total,Total
SGP,4.9118472113058555e-06,Corals,Market value
SGP,0.08249362008274308,Corals,Non-market use value
SGP,0.08072593364184472,Corals,Nonuse value
SGP,1.1941703145189688e-05,Fisheries,Market value
SGP,4.1384957960744543e-10,Fisheries,Non-market use value
SGP,4.120169337559523e-10,Mangroves,Market value
SGP,4.1384957960744543e-10,Mangroves,Non-market use value
SGP,4.1384957960744543e-10,Mangroves,Nonuse value
SGP,0.08860695813412459,Ports,Market value
SGP,0.25184335897501126,Total,Total
SLB,0.00027102396453222705,Corals,Market value
SLB,0.00017783338142568795,Corals,Non-market use value
SLB,0.001122251795414101,Corals,Nonuse value
SLB,5.024891735600818e-05,Fisheries,Market value
SLB,0.00162947165388646,Fisheries,Non-market use value
SLB,5.408605585670044e-06,Mangroves,Market value
SLB,3.3963293506150094e-06,Mangroves,Non-market use value
SLB,5.8838629306458504e-06,Mangroves,Nonuse value
SLB,5.83964940284949e-07,Ports,Market value
SLB,0.003266102364538488,Total,Total
SLE,2.1622953026467883e-10,Corals,Market value
SLE,1.9156339058859666e-10,Corals,Non-market use value
SLE,1.9156339058859666e-10,Corals,Nonuse value
SLE,9.979562599012961e-05,Fisheries,Market value
SLE,0.017198035577085193,Fisheries,Non-market use value
SLE,0.00030025625198557465,Mangroves,Market value
SLE,2.613782629377305e-05,Mangroves,Non-market use value
SLE,0.0006685318475755448,Mangroves,Nonuse value
SLE,0.00044985280944374954,Ports,Market value
SLE,0.018742609126185496,Total,Total
SLV,1.900787722813869e-10,Corals,Market value
SLV,2.786451274444803e-10,Corals,Non-market use value
SLV,2.786451274444803e-10,Corals,Nonuse value
SLV,0.00012635553188608073,Fisheries,Market value
SLV,0.01795243633056218,Fisheries,Non-market use value
SLV,3.2357972589098443e-06,Mangroves,Market value
SLV,3.503716074112371e-05,Mangroves,Non-market use value
SLV,0.0008682784824490821,Mangroves,Nonuse value
SLV,0.0012551548596874578,Ports,Market value
SLV,0.0202404964338907,Total,Total
SRB,-9.434066149131902e-11,Corals,Market value
SRB,-9.434066149131902e-11,Corals,Non-market use value
SRB,-9.434066149131902e-11,Corals,Nonuse value
SRB,-9.434066149131902e-11,Fisheries,Market value
SRB,-9.434066149131902e-11,Fisheries,Non-market use value
SRB,-9.434066149131902e-11,Mangroves,Market value
SRB,-9.434066149131902e-11,Mangroves,Non-market use value
SRB,-9.434066149131902e-11,Mangroves,Nonuse value
SRB,-9.434066149131902e-11,Ports,Market value
SRB,-0.0,Total,Total
SUR,4.5038299793726405e-12,Corals,Market value
SUR,-7.385053731687338e-12,Corals,Non-market use value
SUR,-7.385053731687338e-12,Corals,Nonuse value
SUR,1.3777329671863112e-05,Fisheries,Market value
SUR,0.001031333656581513,Fisheries,Non-market use value
SUR,1.1459250853123567e-05,Mangroves,Market value
SUR,5.370784018179622e-05,Mangroves,Non-market use value
SUR,0.00015920712491674784,Mangroves,Nonuse value
SUR,0.0004958276663560785,Ports,Market value
SUR,0.0017653129306657639,Total,Total
SVK,2.520880339107048e-10,Corals,Market value
SVK,2.520880339107048e-10,Corals,Non-market use value
SVK,2.520880339107048e-10,Corals,Nonuse value
SVK,2.520880339107048e-10,Fisheries,Market value
SVK,2.520880339107048e-10,Fisheries,Non-market use value
SVK,2.520880339107048e-10,Mangroves,Market value
SVK,2.520880339107048e-10,Mangroves,Non-market use value
SVK,2.520880339107048e-10,Mangroves,Nonuse value
SVK,2.520880339107048e-10,Ports,Market value
SVK,-0.0,Total,Total
SVN,2.2260827361259316e-10,Corals,Market value
SVN,1.564518166885713e-10,Corals,Non-market use value
SVN,1.564518166885713e-10,Corals,Nonuse value
SVN,1.0577188815761735e-07,Fisheries,Market value
SVN,0.00992518746492447,Fisheries,Non-market use value
SVN,2.2260827361259316e-10,Mangroves,Market value
SVN,1.564518166885713e-10,Mangroves,Non-market use value
SVN,1.564518166885713e-10,Mangroves,Nonuse value
SVN,0.0017526983986094775,Ports,Market value
SVN,0.011677991362485051,Total,Total
SWE,3.368354487972087e-10,Corals,Market value
SWE,-2.9952152585987574e-10,Corals,Non-market use value
SWE,-2.9952152585987574e-10,Corals,Nonuse value
SWE,-6.998259508735058e-05,Fisheries,Market value
SWE,0.09011542705243332,Fisheries,Non-market use value
SWE,3.368354487972087e-10,Mangroves,Market value
SWE,-2.9952152585987574e-10,Mangroves,Non-market use value
SWE,-2.9952152585987574e-10,Mangroves,Nonuse value
SWE,0.004606530567072575,Ports,Market value
SWE,0.09465197470563376,Total,Total
SWZ,2.2848123793492816e-11,Corals,Market value
SWZ,2.2848123793492816e-11,Corals,Non-market use value
SWZ,2.2848123793492816e-11,Corals,Nonuse value
SWZ,2.2848123793492816e-11,Fisheries,Market value
SWZ,2.2848123793492816e-11,Fisheries,Non-market use value
SWZ,2.2848123793492816e-11,Mangroves,Market value
SWZ,2.2848123793492816e-11,Mangroves,Non-market use value
SWZ,2.2848123793492816e-11,Mangroves,Nonuse value
SWZ,2.2848123793492816e-11,Ports,Market value
SWZ,-0.0,Total,Total
TCD,2.039968700019751e-10,Corals,Market value
TCD,2.039968700019751e-10,Corals,Non-market use value
TCD,2.039968700019751e-10,Corals,Nonuse value
TCD,2.039968700019751e-10,Fisheries,Market value
TCD,2.039968700019751e-10,Fisheries,Non-market use value
TCD,2.039968700019751e-10,Mangroves,Market value
TCD,2.039968700019751e-10,Mangroves,Non-market use value
TCD,2.039968700019751e-10,Mangroves,Nonuse value
TCD,2.039968700019751e-10,Ports,Market value
TCD,-0.0,Total,Total
TGO,-1.1092053146438276e-10,Corals,Market value
TGO,-1.076083097533417e-10,Corals,Non-market use value
TGO,-1.076083097533417e-10,Corals,Nonuse value
TGO,2.0111828032352928e-05,Fisheries,Market value
TGO,0.014222504313609335,Fisheries,Non-market use value
TGO,2.757357038164561e-07,Mangroves,Market value
TGO,1.0485822220055326e-07,Mangroves,Non-market use value
TGO,0.0002131916289221662,Mangroves,Nonuse value
TGO,0.0015394869223365128,Ports,Market value
TGO,0.015995675819124592,Total,Total
THA,7.59010059829441e-05,Corals,Market value
THA,0.0005324681986923092,Corals,Non-market use value
THA,0.02473731535822749,Corals,Nonuse value
THA,0.0005994438399603688,Fisheries,Market value
THA,0.2023721326572377,Fisheries,Non-market use value
THA,0.0005515132613076794,Mangroves,Market value
THA,0.0007444242174599234,Mangroves,Non-market use value
THA,0.027714150491143296,Mangroves,Nonuse value
THA,0.030828039940218117,Ports,Market value
THA,0.28815538387606776,Total,Total
TJK,8.299748730541788e-11,Corals,Market value
TJK,8.299748730541788e-11,Corals,Non-market use value
TJK,8.299748730541788e-11,Corals,Nonuse value
TJK,8.299748730541788e-11,Fisheries,Market value
TJK,8.299748730541788e-11,Fisheries,Non-market use value
TJK,8.299748730541788e-11,Mangroves,Market value
TJK,8.299748730541788e-11,Mangroves,Non-market use value
TJK,8.299748730541788e-11,Mangroves,Nonuse value
TJK,8.299748730541788e-11,Ports,Market value
TJK,-0.0,Total,Total
TLS,2.5222104179406353e-06,Corals,Market value
TLS,1.7084240969832773e-05,Corals,Non-market use value
TLS,0.0006078590390390469,Corals,Nonuse value
TLS,6.881375871582802e-06,Fisheries,Market value
TLS,0.0018821546891072962,Fisheries,Non-market use value
TLS,4.4467119484417585e-08,Mangroves,Market value
TLS,1.664058802426371e-06,Mangroves,Non-market use value
TLS,8.380349095451468e-06,Mangroves,Nonuse value
TLS,2.013104314734908e-11,Ports,Market value
TLS,0.0025265903774672484,Total,Total
TTO,1.5087977656935976e-05,Corals,Market value
TTO,0.00023099630789933927,Corals,Non-market use value
TTO,0.0017046332002407427,Corals,Nonuse value
TTO,4.769090767786888e-05,Fisheries,Market value
TTO,0.00678321142037472,Fisheries,Non-market use value
TTO,7.974393352755578e-11,Mangroves,Market value
TTO,5.06948026804231e-11,Mangroves,Non-market use value
TTO,5.06948026804231e-11,Mangroves,Nonuse value
TTO,0.007401002231334421,Ports,Market value
TTO,0.016182621361414316,Total,Total
TUN,-9.281997117126868e-10,Corals,Market value
TUN,-9.321957388683392e-10,Corals,Non-market use value
TUN,-9.321957388683392e-10,Corals,Nonuse value
TUN,0.00022127473890595743,Fisheries,Market value
TUN,0.07813134982565349,Fisheries,Non-market use value
TUN,-9.281997117126868e-10,Mangroves,Market value
TUN,-9.321957388683392e-10,Mangroves,Non-market use value
TUN,-9.321957388683392e-10,Mangroves,Nonuse value
TUN,0.003198395345218623,Ports,Market value
TUN,0.08155102175531313,Total,Total
TUR,3.296882741207229e-09,Corals,Market value
TUR,2.237919850448913e-09,Corals,Non-market use value
TUR,2.237919850448913e-09,Corals,Nonuse value
TUR,0.00010965597119251272,Fisheries,Market value
TUR,0.27039437639448183,Fisheries,Non-market use value
TUR,3.296882741207229e-09,Mangroves,Market value
TUR,2.237919850448913e-09,Mangroves,Non-market use value
TUR,2.237919850448913e-09,Mangroves,Nonuse value
TUR,0.017856851076295432,Ports,Market value
TUR,0.2883608784090722,Total,Total
TZA,0.0009627576631317561,Corals,Market value
TZA,0.0041346472175830306,Corals,Non-market use value
TZA,0.024745835069141905,Corals,Nonuse value
TZA,-1.1327675668507314e-06,Fisheries,Market value
TZA,0.07730298470163369,Fisheries,Non-market use value
TZA,0.0002996102230066958,Mangroves,Market value
TZA,0.0011461356002973855,Mangroves,Non-market use value
TZA,0.004645483751566563,Mangroves,Nonuse value
TZA,0.00476799163288943,Ports,Market value
TZA,0.11800432044077967,Total,Total
UGA,3.4314807053871873e-10,Corals,Market value
UGA,3.4314807053871873e-10,Corals,Non-market use value
UGA,3.4314807053871873e-10,Corals,Nonuse value
UGA,3.4314807053871873e-10,Fisheries,Market value
UGA,3.4314807053871873e-10,Fisheries,Non-market use value
UGA,3.4314807053871873e-10,Mangroves,Market value
UGA,3.4314807053871873e-10,Mangroves,Non-market use value
UGA,3.4314807053871873e-10,Mangroves,Nonuse value
UGA,3.4314807053871873e-10,Ports,Market value
UGA,-0.0,Total,Total
UKR,-9.972715603955358e-10,Corals,Market value
UKR,-1.0227517917923934e-09,Corals,Non-market use value
UKR,-1.0227517917923934e-09,Corals,Nonuse value
UKR,-2.7401213770741194e-06,Fisheries,Market value
UKR,0.050460034799365464,Fisheries,Non-market use value
UKR,-9.972715603955358e-10,Mangroves,Market value
UKR,-1.0227517917923934e-09,Mangroves,Non-market use value
UKR,-1.0227517917923934e-09,Mangroves,Nonuse value
UKR,0.0009927152328641994,Ports,Market value
UKR,0.05145001025772342,Total,Total
URY,1.1120728859634367e-11,Corals,Market value
URY,-4.020550946708824e-11,Corals,Non-market use value
URY,-4.020550946708824e-11,Corals,Nonuse value
URY,9.101267991133996e-05,Fisheries,Market value
URY,0.008259621703229346,Fisheries,Non-market use value
URY,1.1120728859634367e-11,Mangroves,Market value
URY,-4.020550946708824e-11,Mangroves,Non-market use value
URY,-4.020550946708824e-11,Mangroves,Nonuse value
URY,0.0036807990462887664,Ports,Market value
URY,0.01203143317073491,Total,Total
USA,0.0022155233090702018,Corals,Market value
USA,0.6780112003894323,Corals,Non-market use value
USA,5.112355727044586,Corals,Nonuse value
USA,0.005097981658450627,Fisheries,Market value
USA,3.415187274262097,Fisheries,Non-market use value
USA,0.000599150635017619,Mangroves,Market value
USA,0.0066148830142100734,Mangroves,Non-market use value
USA,0.17651465705728042,Mangroves,Nonuse value
USA,0.30936623732024054,Ports,Market value
USA,9.705962737570239,Total,Total
UZB,1.1377363260576506e-09,Corals,Market value
UZB,1.1377363260576506e-09,Corals,Non-market use value
UZB,1.1377363260576506e-09,Corals,Nonuse value
UZB,1.1377363260576506e-09,Fisheries,Market value
UZB,1.1377363260576506e-09,Fisheries,Non-market use value
UZB,1.1377363260576506e-09,Mangroves,Market value
UZB,1.1377363260576506e-09,Mangroves,Non-market use value
UZB,1.1377363260576506e-09,Mangroves,Nonuse value
UZB,1.1377363260576506e-09,Ports,Market value
UZB,-0.0,Total,Total
VNM,0.00015376531960315052,Corals,Market value
VNM,0.0006589777440012169,Corals,Non-market use value
VNM,0.022812403350299174,Corals,Nonuse value
VNM,0.000336733685782584,Fisheries,Market value
VNM,0.34281168347519725,Fisheries,Non-market use value
VNM,0.0029721061997575945,Mangroves,Market value
VNM,0.00044198089032253864,Mangroves,Non-market use value
VNM,0.018190893057655123,Mangroves,Nonuse value
VNM,0.024090069425954704,Ports,Market value
VNM,0.41246866310904196,Total,Total
YEM,1.7939109916052407e-05,Corals,Market value
YEM,0.00019956014548194696,Corals,Non-market use value
YEM,0.019546944469127473,Corals,Nonuse value
YEM,3.14446785866479e-05,Fisheries,Market value
YEM,0.051835108551659854,Fisheries,Non-market use value
YEM,3.1242190002058036e-05,Mangroves,Market value
YEM,1.0449392384072953e-05,Mangroves,Non-market use value
YEM,0.00040618091662626525,Mangroves,Nonuse value
YEM,-2.3493141553612034e-10,Ports,Market value
YEM,0.07207887203791903,Total,Total
ZAF,4.3605939308370647e-07,Corals,Market value
ZAF,9.412506939386144e-06,Corals,Non-market use value
ZAF,0.001684846100197474,Corals,Nonuse value
ZAF,8.221121381220175e-05,Fisheries,Market value
ZAF,0.346484335231243,Fisheries,Non-market use value
ZAF,-1.635873233267133e-07,Mangroves,Market value
ZAF,-2.9519561300655165e-06,Mangroves,Non-market use value
ZAF,-8.019255213543773e-05,Mangroves,Nonuse value
ZAF,0.026900929280095617,Ports,Market value
ZAF,0.37507887151110386,Total,Total
ZMB,-1.9001078435571743e-11,Corals,Market value
ZMB,-1.9001078435571743e-11,Corals,Non-market use value
ZMB,-1.9001078435571743e-11,Corals,Nonuse value
ZMB,-1.9001078435571743e-11,Fisheries,Market value
ZMB,-1.9001078435571743e-11,Fisheries,Non-market use value
ZMB,-1.9001078435571743e-11,Mangroves,Market value
ZMB,-1.9001078435571743e-11,Mangroves,Non-market use value
ZMB,-1.9001078435571743e-11,Mangroves,Nonuse value
ZMB,-1.9001078435571743e-11,Ports,Market value
ZMB,-0.0,Total,Total
